Rank,Player,POY,City,State,Country
1,Hossein Ensan,"1,730.8",Muenster,-,DE
2,Dario Sammartino,865.4,-,-,IT
3,Alex Livingston,778.9,Halifax,NS,CA
4,Garry Gates,692.3,Henderson,NV,US
5,Kevin Maahs,649.1,Chicago,IL,US
6,Zhen Cai,605.8,Lake Worth,FL,US
7,Nick Marchington,519.3,Hornchurch,-,GB
8,Timothy Su,476.0,Boston,MA,US
9,Milos Skrbic,432.7,Sremska Mitrovica,-,RS
10,Robert Heidorn,346.2,London,-,GB
11,Henry Lu,346.2,Brooklyn,NY,US
12,Michael Niwinski,346.2,Burnaby,BC,CA
13,Viktor Rau,346.2,Vienna,-,AT
14,Christopher Barton,346.2,Elmira,NY,US
15,Paul Dhaliwal,346.2,Langley,BC,CA
16,Austin Lewis,346.2,Waco,TX,US
17,Enrico Rudelitz,346.2,Vienna,-,AT
18,Mihai Manole,346.2,Bucharest,-,RO
19,Duey Duong,346.2,Anaheim Hills,CA,US
20,Warwick Mirzikinian,346.2,New South Wales,-,AU
21,Preben Stokkan,346.2,Corvallis,OR,US
22,Nicholas Danias,346.2,Los Angeles,CA,US
23,Marcelo Cudos,346.2,Rosario,-,AR
24,Johnathan Dempsey,346.2,Aurora,CO,US
25,Hiroki Nawa,346.2,Tokyo,-,JP
26,Zackary Koerper,346.2,Las Vegas,NV,US
27,Oliver Bithell,346.2,London,-,GB
28,Yuri Dzivielevski,346.2,Florianopolis,-,BR
29,Luke Graham,346.2,Palm City,FL,US
30,Mario Navarro,346.2,Malaga,-,ES
31,Christopher Ahrens,346.2,Malkenbach,-,DE
32,Daniel Charlton,346.2,Macclesfield,-,GB
33,Thomer Pidun,346.2,Kreiss,-,DE
34,Steven Parrott,346.2,Cherry Valley,IL,US
35,Corey Burbick,346.2,Davie,FL,US
36,Ryan Yu,346.2,Ontario,BC,CA
37,Ian Pelz,346.2,Eugene,OR,US
38,Atlee Jones,346.2,Saskatoon,SK,CA
39,Adedapo Ajayi,346.2,Littleton,CO,US
40,Alex Foxen,346.2,Las Vegas,NV,US
41,Michael Tomeny,346.2,Baton Rouge,Louisiana,US
42,Steven Au,346.2,Hong Kong,-,HK
43,Chang Luo,346.2,Guangzhou,-,CN
44,David Vedral,346.2,Vienna,-,AT
45,Sam Greenwood,346.2,Toronto,ON,CA
46,Adam Duong,346.2,San Jose,CA,US
47,Jiwoon Kim,346.2,Seoul,-,KR
48,Christopher Wynkoop,346.2,Peru,IN,US
49,Jonathan Cohen (SD),346.2,San Diego,CA,US
50,Dejan Pustoslemsek,346.2,Ravne Na Koroskem,-,SI
51,Kartik Ved,346.2,Mumbai,-,IN
52,Laurids Nielsen,346.2,London,-,GB
53,Christopher Sly,346.2,Retford,-,GB
54,Chris Hunichen,346.2,Columbia,SC,US
55,Lars Bonding,346.2,Wimbledon,-,DK
56,Jesse Vilchez,346.2,Grand Rapids,MI,US
57,Florian Dimitrie Duta,346.2,-,-,RO
58,Alex Winter,346.2,Roseville,MN,US
59,Thomas Parkes,346.2,Alburtis,PA,US
60,Romain Lewis,346.2,Latresne,-,FR
61,William Romaine,346.2,Las Vegas,NV,US
62,David Guay,346.2,St-Hubert,QC,CA
63,Dan Colpoys,346.2,Gloucester,MA,US
64,Andy Hwang,346.2,Sugarland,TX,US
65,Justin Harvell,346.2,Nashville,TN,US
66,Tobias Duthweiler,346.2,Vienna,-,AT
67,Jake Schindler,346.2,Philadelphia,PA,US
68,Martin Huk,346.2,Vienne,-,PL
69,Fan Fan,346.2,Tianjin,-,CN
70,Pim Gieles,346.2,Rotterdam,-,NL
71,Vitalijs Zavorotnijs,346.2,Riga,-,LV
72,Michael Messick,346.2,Herndon,VA,US
73,Jarred Solomon,346.2,Johannesburg,-,ZA
74,Jacob Thibodeau,346.2,Juneau,AK,US
75,Kevin Unkel,346.2,Broken Arrow,OK,US
76,Matthew Davis,346.2,Brownstown,MI,US
77,Shane Abbott,346.2,Seattle,WA,US
78,Eric Cloutier,346.2,Mont-Laurier,QB,CA
79,Daniel Hachem,346.2,Melbourne,-,AU
80,Ivonir Bento,346.2,Toledo,-,BR
81,Dan Wirgau,346.2,Bloomfield Hills,MI,US
82,Antonio Esfandiari,346.2,Las Vegas,NV,US
83,David Patterson,346.2,Wilmington,NC,US
84,Kevin Rand,346.2,Austin,TX,US
85,Michael Kapernaros,346.2,East Lyme,CT,US
86,Renato Ribeiro,346.2,Ponto,-,PT
87,Gabe Patgorski,346.2,Las Vegas,NV,US
88,Henning Wendlandt,346.2,-,-,DE
89,Chad Power,346.2,Pittsburgh,PA,US
90,Andrew Brinkley,346.2,Atlanta,GA,US
91,Gregoire Auzoux,346.2,Paris,-,FR
92,Kenny Smaron,346.2,Philadelphia,PA,US
93,Alan Goehring,346.2,Henderson,NV,US
94,Ori Hasson,346.2,Givat Shmuel,-,IL
95,Mukul Pahuja,346.2,Coconut Creek,FL,US
96,Pavlin Karakikov,346.2,Staza Zagora,-,BG
97,Mitch Garshofsky,346.2,Las Vegas,NV,US
98,John Hashem,346.2,Regina,SK,CA
99,Benjamin Souriau,346.2,Paris,-,FR
100,Daniel Kirsch,346.2,Toronto,ON,CA
101,Carl Shaw,346.2,Telford,-,GB
102,Jeff Madsen,346.2,Los Angeles,CA,US
103,Jaysun Petruce,346.2,Lubbock,TX,US
104,Greg Candido,346.2,Cortlandt Manor,NY,US
105,Mostafa Ashkarkhizani,346.2,Tulsa,OK,US
106,Greg Himmelbrand,346.2,Queens,NY,US
107,Joshua Gordon,346.2,Silver Spring,MD,US
108,Henrik Hecklen,346.2,Aarhus,-,DK
109,Yulian Bogdanov,346.2,-,-,BG
110,Carlos Guerrero,346.2,Orlando,FL,US
111,Brian Yoon,346.2,Las Vegas,NV,US
112,Robert Pardo,346.2,White Plains,NY,US
113,Sean Mills,346.2,England,-,GB
114,Thomas Schropfer,346.2,-,-,DE
115,Thomas Applegate,346.2,Carrollton,TX,US
116,Jill Bryant,346.2,Aurora,IL,US
117,Pavlo Veksler,346.2,Kiev,-,UA
118,Joseph Leung,346.2,Vancouver,BC,CA
119,Sejin Park,346.2,-,-,KR
120,Michael Pearson,346.2,San Francisco,CA,US
121,Carlos Alan Garcia,346.2,-,-,MX
122,Pedro Marques,346.2,Corroios,-,PT
123,Anuj Agarwal,346.2,Los Angeles,CA,US
124,Edward Pham,346.2,Lansdale,PA,US
125,Andrew Brokos,346.2,Baltimore,MD,US
126,Jasper Meijer Van Putten,346.2,-,-,NL
127,Jeffrey Dewitt,346.2,Surprise ,AZ,US
128,Todd Witteles,346.2,Las Vegas,NV,US
129,Matthew McEwan,346.2,San Francisco,CA,US
130,Kristofer Kneale,346.2,Los Angeles,CA,US
131,Richard Seymour,346.2,Suwanee,GA,US
132,Dario Marinelli,346.2,Las Vegas,NV,US
133,Nghia Le,346.2,Shakopee,MN,US
134,Tanner Bibat,346.2,Dunwoody,GA,US
135,Casey Stewart,346.2,Canyon Country,CA,US
136,Quentin Siffledeen,346.2,Edmonton,AB,CA
137,Daniel Neilson,346.2,Sydney,-,AU
138,Michael Lech,346.2,Alma,AR,US
139,Nicholas Nordgreen,346.2,Culver City,CA,US
140,Ali Eslami,346.2,Los Angeles,CA,US
141,Dmitry Yurasov,346.2,Moscow,-,RU
142,Andy Tsai,346.2,Huntington Beach,CA,US
143,Jeffrey Chu,346.2,Richmond,BC,CA
144,Joseph Beasy,346.2,Little Canada,MN,US
145,James Rice,346.2,Denver,CO,US
146,Scott Bohlman,346.2,Lemont,IL,US
147,Jeffrey Eldred,346.2,Calgary,AB,CA
148,Roland Rokita,346.2,-,-,AT
149,Fabrizio Gonzalez,346.2,Montevideo,-,UY
150,Adam Friedman,346.2,Gahanna,OH,US
151,Xuming Qi,346.2,-,-,CN
152,Joshua Tam,346.2,San Francisco,CA,US
153,Reed Hensel,346.2,Denver,CO,US
154,Steven McNally,346.2,Henderson,NV,US
155,Giovanni Petroni,346.2,Bari,-,IT
156,Jordan Knackstedt,346.2,Saskatoon,SK,CA
157,Olivier Chaume,346.2,San Francisco,CA,US
158,Jerod Smith,346.2,St. Louis,MO,US
159,Dean Morrone,346.2,Dawson Creek,BC,CA
160,Sergei Petrushevskii,346.2,Russia,-,RU
161,Takashi Matsushita,346.2,-,-,JP
162,Aaron Steury,346.2,Fort Wayne,IN,US
163,Jody Fayant,346.2,Edmonton,AB,CA
164,Tony Sinishtaj,346.2,Flushing,NY,US
165,Michael Marvanek,346.2,Strafford,VT,US
166,Jacek Ladny,346.2,Warsaw,-,PL
167,Nick Rampone,346.2,Las Vegas,NV,US
168,Robin Hegele,346.2,MÃ¼nchen,-,DE
169,Shawn Kjetland,346.2,Colorado Springs,CO,US
170,Brian Park,346.2,Los Altos,CA,US
171,Brian Horwitz,346.2,El Segundo,CA,US
172,Yuliyan Kolev,346.2,Sofia,-,BG
173,Sandra Postelwait,346.2,Catoosa,OK,US
174,Lou Garza,346.2,San Antonio,TX,US
175,Nikolay Ponomarev,346.2,London,-,GB
176,Mark Scacewater,346.2,Lake St Louis,MO,US
177,Matthew Kolibas,346.2,New York,NY,US
178,Xixiang Luo,346.2,-,-,CN
179,Andrey Pateychuk,346.2,Moscow,-,RU
180,Paul Dewald,346.2,Littleton,CO,US
181,Caleb Furth,346.2,Bethesda,MD,US
182,Bryan Buonocore,346.2,Canton,OH,US
183,Cassio Pisapia,346.2,Osasco,-,BR
184,Chance Kornuth,346.2,Las Vegas,NV,US
185,Elias Gutierrez,346.2,Georgia,-,CH
186,Yuanxi Chen,346.2,Kansas City,MO,US
187,Mitchell Johnson,346.2,Alvaston Derby,-,GB
188,Jake Daniels,346.2,Katy,TX,US
189,Jack Kashishian,346.2,-,-,AM
190,Andrew Martin,346.2,Shrewsbury,-,GB
191,Todd Brunson,346.2,Las Vegas,NV,US
192,Bogdan Munteanu,346.2,-,-,RO
193,Mariano Mir,346.2,Palermo,-,AR
194,Andrew Geller,346.2,Delray Beach,FL,US
195,Keith Hang,346.2,San Francisco,CA,US
196,Joshua Ray,346.2,Chattanooga,TN,US
197,Christian Liel,346.2,Senheim,-,DE
198,David Enda,346.2,Las Vegas,NV,US
199,Mike Matusow,346.2,Henderson,NV,US
200,Bryan Shay,346.2,Marshfield,MA,US
201,Chung Ho,346.2,Las Vegas,NV,US
202,Ross Ward,346.2,Isle Of Palms,SC,US
203,Jon Turner,346.2,Las Vegas,NV,US
204,Jeonggyu Cho,346.2,Seoul,-,KR
205,Matt Glantz,346.2,Lafayette Hill,PA,US
206,Tom Waters,346.2,Hitchin,-,GB
207,Mikolaj Zawadzki,346.2,Gdansk,-,PL
208,Ralph Perry,346.2,Las Vegas,NV,US
209,Joseph Cheong,346.2,La Mirada,CA,US
210,Robert McLaughlin,346.2,Washington,DC,US
211,Vincent Ciarrocchi,346.2,Whitsett,NC,US
212,Aaron Van Blarcum,346.2,Miami,FL,GA
213,George Holmes,346.2,Atlanta,GA,US
214,Ryan Dodge,346.2,Austin,TX,US
215,Fabian Scherle,346.2,-,-,DE
216,Josh Kay,346.2,West Bloomfield,MI,US
217,Matt Stout,346.2,Las Vegas,NV,US
218,Vlastimil Pustina,346.2,Vhersky Brod,-,CZ
219,Tara Cain,346.2,Willmar,MN,US
220,Lei Zhou,346.2,Chicago,IL,US
221,Felix Bleiker,346.2,Zurich,-,CH
222,Patrice Brandt,346.2,"Duisburg, Nrw",-,DE
223,Sulabh Choudhury,346.2,Santa Paula,CA,US
224,Pedro Padilha,346.2,San Pailo,-,BR
225,Chris Wallace,346.2,Saint Paul,MN,US
226,Heidi Alexander,346.2,Gardner,MA,US
227,Tanya Kirk,346.2,San Jose,CA,US
228,Jeffrey Schwimmer,346.2,Valley Vlg,CA,US
229,Brady Bullard,346.2,Edmond,OK,US
230,Shyam Srinivasan,346.2,Toronto,ON,CA
231,Aaron Been,346.2,Tallahassee,FL,US
232,Jeff Dumas,346.2,Mesa,AZ,US
233,Colin McHugh,346.2,Halifax,Nova Scotia,CA
234,Ryan Hoffman,346.2,Canton,MI,US
235,Abdulrahim Amer,346.2,Westerville,OH,US
236,Craig McCorkell,346.2,West Sussex,-,GB
237,Anthony Spinella,346.2,Las Vegas,NV,US
238,Hlib Kovtunov,346.2,Kiev,-,UA
239,Daniel Couzens,346.2,West Hartford,CT,US
240,Lawrence Brandt,346.2,Arlington,TX,US
241,Casey Diener,346.2,Las Vegas,NV,US
242,David Olson,346.2,Dallas,TX,US
243,Ezequiel Waigel,346.2,Bahia Blanca,-,AR
244,Ory Hen,346.2,Hollywood,FL,US
245,Alex Greenblatt,346.2,Atherton,CA,US
246,Galen Hall,346.2,New York City,NY,US
247,Alexander Zeligman,346.2,Surrey,-,GB
248,Daniel Holmes,346.2,Lafayette,LA,US
249,Niels De Moree,346.2,Tiel,-,NL
250,William McMahon,346.2,Las Vegas,NV,US
251,Matt Kramer,346.2,Rancho Cordova,CA,US
252,Dylan Meier,346.2,Grand Island,NE,US
253,Samuel Gagnon,346.2,Grand-Mere,QC,CA
254,Brad Albrinck,346.2,Cincinnati,OH,US
255,Trevor Savage,346.2,Thorofare,NJ,US
256,Quan Zhou,346.2,-,-,CN
257,Daniel Dizenzo,346.2,Sussex,NJ,US
258,Juan Ignacio Pallotta,346.2,Buenos Aires,-,AR
259,Olivier Busquet,346.2,Katonah,NY,US
260,Jason Wandling,346.2,Fort Lauderdale,FL,US
261,Yudhishter Jaswal,346.2,London,-,GB
262,Dante Goya,346.2,-,-,BR
263,Joshua Greenberg,346.2,Las Vegas,NV,US
264,Stanley Tang,346.2,San Francisco,CA,US
265,Eran Aydin,346.2,Marietta,GA,US
266,Scott Wilson,173.1,Vancouver,BC,CA
267,Matthew Sabia,173.1,Bethlehem,PA,US
268,Michael Dollins,173.1,Long Beach,CA,US
269,Tim Burt,173.1,Biloxi,MS,US
270,Christopher Barrett,173.1,Hartford,CT,US
271,Gabriel Andrade,173.1,-,-,EC
272,Alex Dovzhenko,173.1,Kiev,-,UA
273,Thomas Revello,173.1,Bridgewater,NJ,US
274,Nicholas Getzen,173.1,Atlanta,GA,US
275,Guofeng Wang,173.1,Beijing City,-,CN
276,Andre Barrett,173.1,Toronto,ON,CA
277,Donald Dombach,173.1,Millersville,PA,US
278,Victor Figueroa,173.1,Miami Beach,FL,US
279,Miguel Seoane Iglesias,173.1,Madrid,-,ES
280,Tyler Sumrall,173.1,-,-,US
281,Yaji Ren,173.1,Ithaca,NY,US
282,Richard Wierzba,173.1,Ponoka,AB,CA
283,Will Berry,173.1,Norman,OK,US
284,David Pecheur,173.1,Paris,-,FR
285,Larry Ross,173.1,West Covina,CA,US
286,Bart Lybaert,173.1,Mechelen,-,BE
287,Richard Lee (CA),173.1,Los Angeles,CA,US
288,Bryce McVay,173.1,Tampa,FL,US
289,Daisuke Ogita,173.1,-,-,JP
290,Dapeng Mu,173.1,New York,NY,US
291,Blake Bohn,173.1,Shakopee,MN,US
292,Jeremy Pekarek,173.1,Sycamore,IL,US
293,Nai Hu,173.1,Taipei,-,TW
294,Timothy Telliard,173.1,Riverside,CA,US
295,Yanki Koppel,173.1,Sunnyvale,CA,US
296,Chad Mizner,173.1,Scottsdale,AZ,US
297,Stevan Chew,173.1,Adelaide,-,AU
298,Thomas Syversen,173.1,Moelu,-,NO
299,Aaron Johnson (MN),173.1,Red Wing,MN,US
300,Carl Diveglia,173.1,Albany,NY,US
301,Danielle Andersen,173.1,Henderson,NV,US
302,Brendan Baksh,173.1,Costa Mesa,CA,US
303,Evangelos Kokkalis,173.1,-,-,GR
304,James Everist,173.1,Oakland,NJ,US
305,Tom Gottlieb,173.1,Tel Aviv,-,IL
306,James Mackey,173.1,Las Vegas,NV,US
307,Akshay Nasa,173.1,New Delhi,-,IN
308,Jaspal Brar,173.1,Edmonton,AB,CA
309,Luke Brereton,173.1,-,-,GB
310,Max Silver,173.1,London,-,GB
311,Cary Katz,173.1,Las Vegas,NV,US
312,Charles Johnson Jr,173.1,Lockport,NY,US
313,Christian Stratmeyer,173.1,-,-,DE
314,Mark Zullo,173.1,Seville,OH,US
315,Ignacio Molina,173.1,Escaldes,-,AD
316,John Lombardo,173.1,Frankston,-,AU
317,Marc Foggin,173.1,Newcastle Upon Tyne,-,GB
318,Tyler Cornell,173.1,San Clemente,CA,US
319,Joseph Walters,173.1,Lee's Summit,MO,US
320,Allen Kessler,173.1,Las Vegas,NV,US
321,Carlos Hey,173.1,Porto Velmo,-,BR
322,Philip Leibow,173.1,Vienna,VA,US
323,Jonathan McCann,173.1,Cumbria,-,GB
324,Sasha Liu,173.1,Las Vegas,NV,US
325,Jeff Siegal,173.1,Daly City,CA,US
326,Alireza Amiri,173.1,San Diego,CA,US
327,Sai Sirandas,173.1,San Francisco,CA,US
328,Jason Pardy,173.1,Ansonia,CT,US
329,Paul Marzarella,173.1,Linden,NJ,US
330,Shuaipeng Fang,173.1,Kunming,-,CN
331,Eric Froehlich,173.1,Las Vegas,NV,US
332,Jordan Redavid,173.1,-,FL,US
333,Anthony Ortega,173.1,San Antonio,TX,US
334,Julian Milliard-Feral,173.1,-,-,FR
335,Michael McKenna (NJ),173.1,-,NJ,US
336,Jacqueline Burkhart,173.1,Boring,OR,US
337,Mans Montgomery,173.1,Boise,ID,US
338,David Goodman,173.1,Las Vegas,NV,US
339,Jay Farber,173.1,Santa Barbara,CA,US
340,Shintaro Baba,173.1,Hakataku,-,JP
341,Peter Linton,173.1,Nottingham,-,GB
342,Christian Rudolph,173.1,Vienna,-,DE
343,Jesper Hoog,173.1,Grodinge,-,SE
344,Jason Tompkins,173.1,Kildare,-,IE
345,Carl Brewington,173.1,Nashville,TN,US
346,Andrew Shack,173.1,Los Angeles,CA,US
347,Eric Stocz,173.1,West Bloomfield,MI,US
348,April Shih,173.1,Los Angeles,CA,US
349,Jacob Phillips,173.1,Ozark,MO,US
350,Carl Cajuste,173.1,Dania Beach,FL,US
351,Thomas Seaman,173.1,Doncaster,-,GB
352,Julian Pineda,173.1,Medellin,-,CO
353,Maxim Lykov,173.1,Moscow,-,RU
354,Tom Cannuli,173.1,Cape May,NJ,US
355,Daniel Mizrachi,173.1,Hollywood,FL,US
356,Sara Hall,173.1,Cleveland,OH,US
357,Rayan Chamas,173.1,Dollard-Des-Ormeaux,QC,CA
358,Tommy Nguyen,173.1,Mississauga,ON,CA
359,Sergei Verbitski,173.1,Tallinn,-,EE
360,Jessie Bryant,173.1,Conway,AR,US
361,John Stauffer,173.1,Shoreline,WA,US
362,Ricky Guan,173.1,Brooklyn,NY,US
363,David Leja,173.1,Palme De Mallopica,-,ES
364,Brian England,173.1,-,-,US
365,Jeffrey Copeland,173.1,Saint Peters,MO,US
366,James Kerr,173.1,Auburndale,FL,US
367,Johann Ibanez,173.1,-,-,CO
368,Michael Kane,173.1,Uddington Glascow,-,GB
369,Paul Ephremsen,173.1,Berkhamsted,-,GB
370,Giovani Torre,173.1, Funchal,-,PT
371,Charles Nelson Robinson,173.1,Charlotte,NC,US
372,Sean Shah,173.1,Delray Beach,FL,US
373,Matthew Humphrey,173.1,Indianapolis,IN,US
374,Antonio Gutierrez,173.1,Roseville,CA,US
375,Christopher Dowling,173.1,Naas,-,IE
376,Philippe Dauteuil,173.1,Quebec City,QC,CA
377,Brent Roberts,173.1,Las Vegas,NV,US
378,Robert Peacock,173.1,Ridge,NY,US
379,Jason Brin,173.1,De Soto,KS,US
380,Alex Goulder,173.1,Nottingham,-,GB
381,Paul Pritchett,173.1,Ajax,ON,CA
382,Jared Ingles,173.1,Dallas,TX,US
383,Daniel Tarwater,173.1,Leawood,KS,US
384,Robert Mcadam,173.1,Chester,-,GB
385,Richard Wilcox,173.1,Braselton,GA,US
386,Hongbin Guo,173.1,Maribyrnong,-,AT
387,Leonardo Lisi,173.1,Tandil,-,AR
388,Scott Lazar,173.1,Studio City,CA,US
389,Chris Foster,173.1,Calgary,AB,CA
390,Thomas Boivin,173.1,Charleroi,-,BE
391,Antti Halme,173.1,-,-,FI
392,Dien Le,173.1,Bellevue,WA,US
393,Michael Mather,173.1,Manchester,MD,US
394,Jason Fan,173.1,Arcadia,CA,US
395,Gustavo Lopes,173.1,Brasilia,-,BR
396,Isai Coello Ledezma,173.1,Pharr,TX,US
397,Takehiro Kato,173.1,-,-,JP
398,Andrew Graham,173.1,Westford,MA,US
399,Timothy Faro,173.1,Glen Burnie,MD,US
400,David Fong,173.1,San Jose,CA,US
401,Max Greenwood,173.1,Toronto,ON,CA
402,Kane Lai,173.1,Castle Pines,CO,US
403,Oskar Prehm,173.1,Vienna,-,AT
404,Viktor Lavi,173.1,-,-,EG
405,Mark Teltscher,173.1,London,-,GB
406,Clayton Maguire,173.1,Las Vegas,NV,US
407,Cody Brinn,173.1,Elgin,IL,US
408,Ronald Ellis,173.1,Zion,IL,US
409,Jeffrey Sauer,173.1,Saint Louis,MO,US
410,Lyudmil Ivanov,173.1,-,-,BG
411,Ronald West,173.1,Beverly Hills,CA,US
412,Paul Patouilliart,173.1,Muret,-,FR
413,Stuart Graves,173.1,Fairfax Station,VA,US
414,Thomas Hambrock,173.1,Winsen Niederschsen,-,DE
415,Jean-Robert Bellande,173.1,Las Vegas,NV,US
416,Marc Evanier,173.1,Clinton,CT,US
417,Colton Blomberg,173.1,Tempe,AZ,US
418,Trushang Desai,173.1,Webster,NY,US
419,Richard Barabino,173.1,New York,NY,US
420,Alberto Ortiz Such,173.1,-,-,ES
421,Harry Arutyunyan,173.1,Glendale,CA,US
422,Matthew Leecy,173.1,Ottawa,KS,US
423,Christopher Neal,173.1,Okmulgee,OK,US
424,Josue Aguirre,173.1,Tijuana,-,MX
425,Bertrand Grospellier,173.1,Melun,-,FR
426,Derek Sudell,173.1,Greenwich,CT,US
427,Junichi Nakanowatari,173.1,Tokyo,-,JP
428,Joseph Saad,173.1,Dallas,TX,US
429,John Holley,173.1,Destin,FL,US
430,Peter Mercini,173.1,Balneario,-,BR
431,Carla Castelo,173.1,Torrance,CA,US
432,Timothy Dix,173.1,Arlington Heights,IL,US
433,Camilla Reventlow,173.1,-,-,DK
434,Timothy Flanders,173.1,Preston,-,GB
435,Bryan Campanello,173.1,Southlake,TX,US
436,Aaron Mathis,173.1,Lake Forest,CA,US
437,Roland Pieterman,173.1,Midlothian,VA,US
438,Cathal Shine,173.1,-,-,IE
439,Robert Serulla,173.1,Shelbyville,MI,US
440,Anthony Ibrahim,173.1,Annandale,VA,US
441,Ronnie Pasztor,173.1,Baltimore,MD,US
442,Maksim Kolosov,173.1,Saint Petersburg,-,RU
443,Meikat Siu,173.1,New York,NY,US
444,Matthew Zarcadoolas,173.1,Fort Lauderdale,FL,US
445,Markus Garberg,173.1,Trondheim,-,NO
446,Thomas Drinkwater,173.1,London,-,GB
447,John Bolton,173.1,Matteson,IL,US
448,Christopher Roberts,173.1,West Chester,OH,US
449,Jerold Saeman,173.1,Hasting,MI,US
450,William Mitchell,173.1,Jefferson,SC,US
451,Carlton Tartar,173.1,Kensington,MD,US
452,Charles Sewell,173.1,Phoenix ,AZ,US
453,Chenxu Zhang,173.1,-,-,CN
454,Vladislav Donchev,173.1,Kyustendil,-,BG
455,Qui Nguyen,173.1,Las Vegas,NV,US
456,Jeffrey Hart,173.1,Westerville,OH,US
457,Daniel Lee,173.1,Seoul ,-,KR
458,Donald Schiavone,173.1,Brookings,OR,US
459,Igor Merda,173.1,-,-,DE
460,Manuel Mutke,173.1,-,-,DE
461,Simon Deadman,173.1,Nottingham,-,GB
462,Erik Cajelais,173.1,Terrebonne,QC,CA
463,John Hewitt,173.1,San Jose,-,CR
464,Christopher Wolfe,173.1,Lake Tapps,WA,US
465,Mark Liedtke,173.1,Las Vegas,NV,US
466,Barny Boatman,173.1,Hendon,-,GB
467,Nikolai Sears,173.1,Davisburg,MI,US
468,Qing Lu,173.1,Walnut,CA,US
469,Todd Vincent,173.1,Adams,MA,US
470,Michael Vanderwoude,173.1,Crown Point,IN,US
471,David Cabrera Polop,173.1,-,-,ES
472,George Petten,173.1,Toronto,ON,CA
473,Richard Anthony,173.1,New York,NY,US
474,Joseph Wertz,173.1,Montoursville,PA,US
475,Hugo Pingray,173.1,-,-,FR
476,Ayman Qutami,173.1,Redwood City,CA,US
477,Michael Schmidt,173.1,Monterey,CA,US
478,Michael Monroig,173.1,Johnson City,NY,US
479,Joseph Ashor,173.1,Bloomfield Hills,MI,US
480,Gilad Gutkin,173.1,London,-,GB
481,Robert Stevanovski,173.1,Cornelius,NC,US
482,Brandon Schwartz,173.1,North Bay Village,FL,US
483,Dean Murphy,173.1,Montreal,-,CA
484,Ronald Larsen,173.1,Redding,CA,US
485,Josh Arieh,173.1,Alpharetta,GA,US
486,Daniel Hallet,173.1,Gaithersburg,MD,US
487,Sota Sato,173.1,Houyo,-,JP
488,Georgios Karakousis,173.1,Livadia,-,GR
489,Mark Ostrovsky,173.1,Richmond,BC,CA
490,Jan Larsson,173.1,-,-,FI
491,Gal Yifrach,173.1,Los Angeles,CA,US
492,Tan Trinh,173.1,Seffner,FL,US
493,Alpheus Chan,173.1,Richmond,BC,CA
494,Matthew Emmel,173.1,Charlotte,NC,US
495,Stuart McNally,173.1,Glasgow,-,GB
496,Skylar Stillwagon,173.1,Robinson,TX,US
497,Paul Hockin,173.1,Chartwell Hamilton,-,NZ
498,Antonio Fernandez Millan,173.1,-,-,ES
499,Ricardo Graells De Dios,173.1,Torredembarra,-,ES
500,Sanjay Mayekar,173.1,Fremont,CA,US
501,Daniel Deveau,173.1,Henderson,NV,US
502,Michael Stecker,173.1,Granite Bay,CA,US
503,Ryan Wince,173.1,Delaware,OH,US
504,Brett Rosen,173.1,La Jolla,CA,US
505,Marcelo Delgado,173.1,Shanghai,-,CN
506,Yong Wang,173.1,-,-,CN
507,Scott Koiner,173.1,Plano,TX,US
508,Alexander Pope,173.1,Toronto,ON,CA
509,Matthew Farmer,173.1,Sugar Grove,IL,US
510,Christopher Hayes,173.1,North Bellmore,NY,US
511,John Reading,173.1,Coon Rapids,MN,US
512,David Kahan,173.1,Luanda,-,BE
513,Trong Dang,173.1,Bellevue,WA,US
514,Raul Martinez,173.1,London,-,GB
515,Mike Linster,173.1,Island Park,NY,US
516,Luke Martinelli,173.1,Melbourn,-,AU
517,Stephen Deutsch,173.1,Greensboro,NC,US
518,Irene Carey,173.1,Banner Elk,NC,US
519,Gregory Mccurry,173.1,Prospect,KY,US
520,Rittie Chuaprasert,173.1,Portland ,OR,US
521,Sosia Jiang,173.1,-,-,NZ
522,Ludovic Breau,173.1,Sliema,-,MT
523,Marc Goldman,173.1,Newport Beach,CA,US
524,Michael Noori,173.1,Tarzana,CA,US
525,Leif Force,173.1,Tallahassee,FL,US
526,Danny Nguyen,173.1,Westminster,CA,US
527,Jiang Qian,173.1,-,NY,US
528,Pierre Joubert,173.1,-,-,GB
529,Paul Richardson,173.1,San Ramon,CA,US
530,Mark Epstein,173.1,Peabody,MA,US
531,Oliver Price,173.1,London,-,GB
532,Jose Ignacio Barbero,173.1,Buenos Aires,-,AR
533,Kevin Saul,173.1,Warrenville,IL,US
534,Allen Nielson,173.1,Mercer Island,WA,US
535,Eoghan O'Dea,173.1,Dublin,-,IE
536,Qing Liu,173.1,Pasadena,CA,US
537,Fred Berger,173.1,Las Vegas,NV,US
538,Charles Hawkins,173.1,Fairfield,CT,US
539,Luther Tran,173.1,Bayou La Batre,AL,US
540,Rami Boukai,173.1,San Diego,CA,US
541,Andrew Ostapchenko,173.1,Carlsbad,CA,US
542,Artur Koren,173.1,Vienna,-,AT
543,Kory Kilpatrick,173.1,Athens,GA,US
544,Larry Hoffman,173.1,Lake Mary,FL,US
545,Josh Pollock,173.1,Las Vegas,NV,US
546,Francis Pasqualino,173.1,Chicago,IL,US
547,Thomas Cardona,173.1,Upland,CA,US
548,Louis Hillman,173.1,Mequon,WI,US
549,Hirofumi Kono,173.1,Tokyo,-,JP
550,Amir Mirrasouli,173.1,Santa Ana,CA,US
551,Franklin Azevedo,173.1,Dos Palos,CA,US
552,Bryan Kim,173.1,Cerritos,CA,US
553,Johnny Tan,173.1,Chicago,IL,US
554,Gerald Claunch,173.1,Caseyville,IL,US
555,Jacob Ferro,173.1,N Syracuse,NY,US
556,Jordan Joeckel,173.1,Bristol,CT,US
557,Mick Heder,173.1,-,-,DK
558,Martin Lang,173.1,Dover,OH,US
559,Jay Romano,173.1,Boca Raton,FL,US
560,Johnny Chan,173.1,Cerritos,CA,US
561,Sarah Herzali,173.1,Plan De Cuques,-,FR
562,Peter Neff,173.1,Las Vegas,NV,US
563,Sarkis Akopyan,173.1,Moscow,-,RU
564,Timothy Foley,173.1,Los Angeles,CA,US
565,Michael Vo,173.1,Midland,MI,US
566,Maxime Chilaud,173.1,-,-,FR
567,Howard Feingold,173.1,New York,NY,US
568,Marius Johansen,173.1,Sorhjosen Troms,-,NO
569,Paul Garcia,173.1,Woodbridge,CT,US
570,Adam Owen,173.1,Folkestone,-,GB
571,Joseph Couden,173.1,Coconut Creek,FL,US
572,Sam Miller,173.1,Essex,-,GB
573,Gianluca Petrone,173.1,Casamassima,-,IT
574,Jake Toole,173.1,Hoboken,NJ,US
575,Charles Combes,173.1,Hersham,-,GB
576,Ryan Franklin (AB),173.1,Jacksonville,FL,US
577,Andres Korn,173.1,Buenos Aires,-,AR
578,Joshua Boulton,173.1,-,-,GB
579,Mark Castaldo,173.1,Fairfax,-,US
580,Antti Marttinen,173.1,-,-,FI
581,Steve Gross,173.1,Las Vegas,NV,US
582,James Frank,173.1,Stayton,OR,US
583,Janet Hornung,173.1,Sebastian,FL,US
584,Sather Oystein,173.1,Oslo,PR,NO
585,Thomas Roupe,173.1,Houston,TX,US
586,Allen Cunningham,173.1,Las Vegas,NV,US
587,Michael Faulkner,173.1,Viola,ID,US
588,Steven Himebaugh,173.1,Phoenix,AZ,US
589,Adria Diaz,173.1,Century Wharf,-,ES
590,James Ray,173.1,Churubusco,IN,US
591,Bob Shao,173.1,Las Vegas,NV,US
592,Thomas MacDonald,173.1,-,-,GB
593,Jonathan Aguirre,173.1,Duncanville,TX,US
594,Brendon Kaufman,173.1,Austin,TX,US
595,Kelly Minkin,173.1,Tucson,AZ,US
596,Alex Difelice,173.1,Ft Collins,CO,US
597,Alan Lau,173.1,-,-,HK
598,William Klein,173.1,Laguna Hills,CA,US
599,Keith Lehr,173.1,Bossier City,LA,US
600,Mikhail Sokolovskiy,173.1,Moscow,-,RU
601,Michael Soccio,173.1,Burbank,CA,US
602,David Lindquist,173.1,Benton Harbor,MI,US
603,Paul Staples,173.1,Chesterfield,VA,US
604,Gorki Oliveira,173.1,Rio De Janiero,-,BR
605,Brian Ray,173.1,Exton,PA,US
606,Phillip Hartmann,173.1,Las Vegas,NV,US
607,Clavet Mathieu,173.1,Quebec City,QC,CA
608,Roger Lussier,173.1,East Islip,NY,US
609,Rok Gostisa,173.1,Log Pri Brezovici,-,SI
610,Mohamed Mamouni,173.1,Viry Chatillow,-,FR
611,Daniel Eichhorn,173.1,Henderson,NV,US
612,Piet Pape,173.1,Hamburg,-,DE
613,Scott Ball,173.1,Carlsbad,CA,US
614,Stephen Rose,173.1,Roxbury,MA,US
615,Toby Joyce,173.1,Galway,-,IS
616,David Mzareulov,173.1,-,-,AZ
617,Walter Atwood,173.1,Huntington Beach,CA,US
618,Richard Hu,173.1,Bakersfield,CA,US
619,Bahar Musa,173.1,Isperih,-,BG
620,David Jackson,173.1,Jacksonville,FL,US
621,Chunhui Ji,173.1,Las Vegas,NV,US
622,Davidi Kitai,173.1,Brussel,-,BE
623,Tomasz Kozub,173.1,Bialystok,-,PL
624,Denise Pratt,173.1,Olive Branch,MS,US
625,Joseph Tauber,173.1,Harwood Heights,IL,US
626,Richard Martell,173.1,Santa Monica,CA,US
627,Taylor Paur,173.1,San Diego ,CA,US
628,Joshua Ahler,173.1,Spring Hill,TN,US
629,Yaniv Peretz,173.1,Riga,-,IL
630,Jonathan Gerrick,173.1,Las Vegas,NV,US
631,Alexander Clark,173.1,England,-,GB
632,William Gray,173.1,Yucaipa,CA,US
633,Danilo Radonjic,173.1,Belgrade,-,RU
634,George Janssen Jr,173.1,Bad Axe,MI,US
635,Matthew Maks,173.1,Forest Lodge,-,AT
636,Chris Marrone,173.1,Marlton,NJ,US
637,Mark Wates,173.1,-,-,US
638,Steven Thornton,173.1,Dallas,TX,US
639,Kevin Law,173.1,Mill Creek,WA,US
640,Ryan Baysinger,173.1,Barrington,IL,US
641,Xing Jiang,173.1,Vancouver,BC,CA
642,Yuval Gottenstein,173.1,Ramat Hasharon,-,IL
643,Alfred Poon,173.1,Chestnut Hill,MA,US
644,Homan Mohammadi,173.1,Dusseldorf,-,DE
645,Philip Clarke,173.1,Derby,-,GB
646,Ted Jivkov,173.1,Woodland Hills,CA,US
647,Matthew Ellis,173.1,Bentonville,AR,US
648,Gordon Vayo,173.1,San Francisco,CA,US
649,Guy Cicconi,86.5,Las Vegas,NV,US
650,Nick Blackburn,86.5,Longbottom,OH,US
651,Dariusz Glinski,86.5,Warsaw,-,PL
652,Kathy Liebert,86.5,Las Vegas,NV,US
653,Ngon Hoang,86.5,Mc Lean,VA,US
654,Jose Puente,86.5,Huelva,-,ES
655,Billy Gurule,86.5,Alamosa,CO,US
656,David Moreno,86.5,Seabrook,TX,US
657,Patrick Lacy,86.5,Wallaceburg,ON,CA
658,Clayton Saliba,86.5,San Antonio,TX,US
659,Nidal Echaust,86.5,Munich,-,DE
660,Nicholas Ricciardi,86.5,Palm Beach,FL,US
661,John Misirian,86.5,North Hollywood,CA,US
662,Brandon Bergin,86.5,Hampton,GA,US
663,David Kluchman,86.5,Lexington,MA,US
664,Derek Schroeder,86.5,St. Charles,MO,US
665,John Andrews,86.5,Boothbay,ME,US
666,Eric Kepper,86.5,Seattle,WA,US
667,Mario Hudson,86.5,Saint Paul,MN,US
668,Cody Espeseth,86.5,Merrifield,MN,US
669,Lucas Fritz,86.5,Eisenstadt,-,AT
670,Jeff Sluzinski,86.5,Henderson,NV,US
671,Daniel Choi,86.5,Las Vegas,NV,US
672,Felipe Leme,86.5,Belmont,CA,US
673,Bart Hanson,86.5,W Hollywood,CA,US
674,Samuel Tsehai,86.5,-,-,CA
675,Eddie Ochana,86.5,Elgin,IL,US
676,Dana Katzenmeier,86.5,San Diego,CA,US
677,Martin Kus,86.5,Guelph,-,CA
678,Michel Bouskila,86.5,Sydney,-,AU
679,Khang Pham,86.5,Santa Ana,CA,US
680,Jon Bennett,86.5,Oklahoma City,OK,US
681,Dan Heimiller,86.5,Las Vegas,NV,US
682,Gregory Defeo,86.5,Lindenhurst,NY,US
683,Milos Scekic,86.5,Bethpage,NY,US
684,Eric Baldwin,86.5,Las Vegas,NV,US
685,Simon Rudin,86.5,East Windsor,NJ,US
686,Perica Josic,86.5,Vrsac,-,RS
687,Chris Moneymaker,86.5,Lakeland,TN,US
688,Joseph Melancon,86.5,San Diego,CA,US
689,Gus Hansen,86.5,-,-,DK
690,Trygve Leite,86.5,Oslo,-,NO
691,Michael Paski,86.5,Grand Ledge,MI,US
692,Andrey Zaichenko,86.5,Moscow,-,RU
693,Ryan Thorpe,86.5,Vancouver,BC,CA
694,Christopher Hyden,86.5,Saint Petersburg,FL,US
695,Eric Blair,86.5,Las Vegas,NV,US
696,Eric Salazar,86.5,Greensboro,NC,US
697,Robert Paddock,86.5,Houston,TX,US
698,Pin Jiang,86.5,Missoula,MT,US
699,Jacob Haller,86.5,Mustang,OK,US
700,Ronni Borg,86.5,Silkeborg,-,DK
701,Matt Livingston,86.5,North Las Vegas,NV,US
702,Ross Boucher,86.5,Encinitas,CA,US
703,Haim Haggiag,86.5,-,-,US
704,Anton Morgenstern,86.5,Berlin,-,DE
705,Paul Volpe,86.5,West Chester,PA,US
706,Kelly Andrews,86.5,Florence,SC,US
707,Joseph Sabe,86.5,Lille,-,FR
708,Ryan Leng,86.5,Las Vegas,NV,US
709,Mathias Bennick,86.5,-,-,DK
710,Conor Beresford,86.5,York,-,GB
711,Jay Sharon,86.5,Fresh Meadows,NY,US
712,Quoc Nguyen,86.5,Boston,MA,US
713,Robert Georato,86.5,Naples,FL,US
714,Gal Erlichman,86.5,Tel-Aviv,-,IL
715,Marius Pospiech,86.5,Trier,-,DE
716,Julien Duveau,86.5,Rueil,-,FR
717,Adam Levy,86.5,Coral Springs,FL,US
718,Corey Hochman,86.5,Phoenix,AZ,US
719,Anatolii Zyrin,86.5,Lesnoy Gorodok,-,RU
720,Scott Eskenazi,86.5,Mercer Island,WA,US
721,Stefan Soderstrom,86.5,-,-,SE
722,Adam Adler,86.5,Mount Pleasant,SC,US
723,Zhan Peng Ma,86.5,Glendale,NY,US
724,Roger Campbell,86.5,Centralia,IL,US
725,Herbert Karp,86.5,Los Angeles,CA,US
726,Kliment Tarmakov,86.5,Toronto,ON,CA
727,Namir Mohamed,86.5,Ballsbridge   Dublin,-,IE
728,Samuel Devers,86.5,Fenton,MO,US
729,Alexandru Baron,86.5,Laval,QC,CA
730,Bradley Hinson,86.5,Charlotte,NC,US
731,Samy Boujmala,86.5,Mareillan,-,FR
732,Clement Tripodi,86.5,Montesson,-,FR
733,Michael Jen,86.5,San Jose,CA,US
734,Adam Dipasquale,86.5,Windsor,ON,CA
735,Joel Lynn,86.5,Lillington,NC,US
736,Cecil Gabbidon,86.5,Brooklyn,NY,US
737,Ray Qartomy,86.5,Spring,TX,US
738,Ryan Von Bevern,86.5,Olathe,KS,US
739,Kyle Aiken,86.5,West Palm Bch,FL,US
740,Diego Ventura,86.5,Trujililo,-,PE
741,Ferdinand Putra,86.5,-,-,ID
742,Shenming Yin,86.5,Shanghai,-,CN
743,Mark Lewandowski,86.5,Cleveland,OH,US
744,Matthew Kassela,86.5,Germantown,TN,US
745,Fadi Barakeh,86.5,-,-,LB
746,Jonathan Guez,86.5,Paris,-,FR
747,Jeanphilippe Goulet-Ratelle,86.5,St-Jerome,QC,CA
748,David Levi,86.5,Las Vegas,NV,US
749,Peter Walsworth,86.5,Sarasota,FL,US
750,Samuel Goodman,86.5,Colchester,-,GB
751,Jeffrey Hewitt,86.5,Atlanta,GA,US
752,Mike Meskin,86.5,Belmont,MA,US
753,Gary Blackwood,86.5,-,-,GB
754,Francisco Riosvallejo,86.5,Torrean,-,MX
755,Jason James,86.5,Mississauga,ON,CA
756,Brian Opyrchal,86.5,Troy,MI,US
757,Greg Garabedian,86.5,Pasadena,CA,US
758,Jeffrey Korn,86.5,New York,NY,US
759,Cliff Josephy,86.5,Muttontown,NY,US
760,Shaun Zammit,86.5,Malden,MA,US
761,Norberto Lopez,86.5,-,-,ES
762,Solaim Aomon,86.5,Westlake Village,CA,US
763,Marcos Rodriguez,86.5,Santee,CA,US
764,Jeff Williams,86.5,Decatur,GA,US
765,Pieter Aerts,86.5,Schoten,-,BE
766,Robert Natividad,86.5,Cerritos,CA,US
767,Pavel Plesuv,86.5,-,-,MD
768,Glenn Ward,86.5,Salem,OR,US
769,Gavin O'Rourke,86.5,Portlaoise,-,IE
770,Brett Maistri,86.5,Wellington,FL,US
771,Thomas Muehloecker,86.5,Vienna,-,AT
772,Timothy Miles,86.5,Miami Beach,FL,US
773,Steven Snyder,86.5,Huntersville,NC,US
774,Zizheng Huang,86.5,-,-,CN
775,Kevin Stern,86.5,Meadville,PA,US
776,Neal Liptak,86.5,Farmington,CT,US
777,Hao Chen,86.5,Shanghai,-,CN
778,Fadi Hamad,86.5,Danvers,IL,US
779,Antonio Salorio,86.5,Fort Lauderdale,FL,US
780,James Henson,86.5,Tiki Island,TX,US
781,Matthew Wood,86.5,Whitby,ON,CA
782,Daniel Frederick,86.5,Lancaster,NY,US
783,Matthew Stammen,86.5,Coldwater,OH,US
784,Christian Christner,86.5,Brighton,-,GB
785,Jarod Minghini,86.5,South Lake Tahoe,CA,US
786,Yevgeniy Fidchuk,86.5,-,-,RU
787,Byoung Kim,86.5,Goleta,CA,US
788,Federico Quevedo,86.5,San Costa,-,CR
789,Scott Franklin,86.5,London,-,GB
790,Simon Welsch,86.5,-,-,AT
791,Jacob Beck,86.5,Menifee,CA,US
792,Bruno Politano,86.5,Fortaleza,-,BR
793,Brekstyn Schutten,86.5,Grand Rapids,MI,US
794,Kaleookalani McCabe,86.5,Honolulu,HI,US
795,Marcus Laffen,86.5,San Jose,CA,US
796,Scott Herbertson,86.5,Danville,CA,US
797,Adam Bishop,86.5,Reno,NV,US
798,Philip Long,86.5,London,-,GB
799,Justin Liberto,86.5,Fallston,MD,US
800,Igor Kroujalov,86.5,Moscow,-,RU
801,Gil George,86.5,Desoto,TX,US
802,Steven Morris,86.5,Birmingham,-,GB
803,Ruslan Dykshteyn,86.5,Brooklyn,NY,US
804,Loyal Sprague,86.5,Bartonville,IL,US
805,Gabe Paul,86.5,Las Vegas,NV,US
806,Quentin Jones,86.5,Tampa,FL,US
807,David Valone,86.5,New Haven,CT,US
808,Maxwell Schrack,86.5,Glen Burnie,MD,US
809,Jeremy Maher,86.5,Warren,NJ,US
810,Sean Iannucci,86.5,Orlando,FL,US
811,Patryk Poterek,86.5,Deblim,-,PL
812,Gary Cook,86.5,Ventura,CA,US
813,Benjamin Notgrass,86.5,New Braunfels,TX,US
814,Michael Youngman,86.5,Deerfield,IL,US
815,Joe Leibman,86.5,Fort Atkinson,WI,US
816,Dong Guo,86.5,Beijing,-,CN
817,Edward Ross,86.5,Los Gatos,CA,US
818,Martin Carnero,86.5,Davie,FL,US
819,Shi Chen,86.5,Chino Hills,CA,US
820,Anant Patel,86.5,Norwalk,CA,US
821,Nicholas Kallenbach,86.5,S Lake Tahoe,CA,US
822,Ankit Ahuja,86.5,-,-,IN
823,Jeremy Stein,86.5,Washington,DC,US
824,Jonathan Borenstein,86.5,Teaneck,NJ,US
825,Matthew Bergart,86.5,Mississauga,-,CA
826,Thomas Korecook,86.5,Dorchester,MA,US
827,Paul Vacchio,86.5,Carteret,NJ,US
828,Nick Guagenti,86.5,Westerville,OH,US
829,Daniel Demicki,86.5,Bulgaria,-,PL
830,David Kim,86.5,Wilmette,IL,US
831,Timothy Smith,86.5,North Charleston,SC,US
832,Geno Francione,86.5,Ottawa,IL,US
833,Nick DiVella,86.5,Las Vegas,NV,US
834,Bret Gross,86.5,Redondo Beach,CA,US
835,Andrew Pacifico,86.5,Middleburg,FL,US
836,Noah Schwartz,86.5,Sunny Isles Beach,FL,US
837,Tony Ma,86.5,South El Monte,CA,US
838,Aaron Running,86.5,Solvang,CA,US
839,Louis Pfaff,86.5,-,-,US
840,Clement Dumortier,86.5,Bondsville,MA,US
841,Timothy Mcbride,86.5,Mansfield,TX,US
842,Brandon Cantu,86.5,Ridgefield,WA,US
843,Robert Schulz,86.5,Vienna,-,AT
844,Aditya Agarwal,86.5,Kolkata,-,IN
845,Michael Holm,86.5,Woodridge,IL,US
846,Allen Lu,86.5,Huntington Beach,CA,US
847,Scott Bain,86.5,Grand Blanc,MI,US
848,Champie Douglas,86.5,-,-,US
849,Samuel Vizza,86.5,Crestwood,IL,US
850,Ziran Xiao,86.5,Livingston,NJ,US
851,AJ Paleatsos,86.5,Flushing,NY,US
852,Jean-Pierre Besancon,86.5,Paris,-,FR
853,Eric Barnes (WI),86.5,Kenosha,WI,US
854,Nicola Bracchi,86.5,Brescia,-,IT
855,Bobby Zhang,86.5,Las Vegas,NV,US
856,Christopher Herrin,86.5,Rancho Cucamonga,CA,US
857,Martin Stoller,86.5,Condshut,-,DE
858,Ryan Dersch,86.5,Louisville,KY,US
859,Michael Monaco,86.5,Clearwater,FL,US
860,Robert Stan,86.5,Bridgeport,CT,US
861,Robert Cheung,86.5,Vancouver,BC,CA
862,Anuj Kwatra,86.5,Girard,OH,US
863,Jeffrey Outlaw,86.5,Mcdonough,GA,US
864,Ashish Kasaraneni,86.5,Hyderabad,-,IN
865,Hamid Nourafchan,86.5,Los Angeles,CA,US
866,Andrew Nguyen (Milpitas),86.5,Milpitas,CA,US
867,Andreas Boelling,86.5,Hamm,-,DE
868,Lisa Pickell,86.5,Brick,NJ,US
869,Jameson Painter,86.5,Las Vegas,NV,US
870,Nasaharu Tomita,86.5,Tokyo,-,JP
871,Aleksa Pavicevic,86.5,Naples,FL,US
872,Fernando Pedro Tavares Barroso,86.5,-,-,PT
873,"David ""ODB"" Baker",86.5,Las Vegas,NV,US
874,Harley Thrower,86.5,Cumming,GA,US
875,Brad Anderson,86.5,Fresno,CA,US
876,Alen Patatanyan,86.5,Encino,CA,US
877,Guillermo Sanchez,86.5,Manchester,-,GB
878,Harrison Gimbel,86.5,Jupiter,FL,US
879,Radoslav Stoyanov,86.5,Pernik,-,BG
880,Paul DeGiulio,86.5,-,-,BM
881,Mark Wahba,86.5,Cleveland,OH,US
882,Ben Myers,86.5,Sarasota,FL,US
883,Farzad Tafti,86.5,Three Rivers,CA,US
884,Mike Wattel,86.5,Chandler,AZ,US
885,Gary Benson,86.5,Sylvania Southgate,-,AU
886,Clifton Temm Ii,86.5,Kennebunk,ME,US
887,Marios Savvides,86.5,Marina Del Rey,CA,US
888,Sergei Kislinskii,86.5,Rostov,-,RU
889,Jason Loehrs,86.5,Havertown,PA,US
890,Robert Render,86.5,Houston,TX,US
891,Denys Shafikov,86.5,-,-,UA
892,Evan Krentzman,86.5,Goleta,CA,US
893,Eddie Blumenthal,86.5,Stoughton,WI,US
894,Tom Vogelsang,86.5,-,-,NL
895,Sebastian Dornbracht,86.5,Dortmund,-,DE
896,Andy Finkelberg,86.5,Weston,FL,US
897,Paul Duyvejonck,86.5,Yorkville,IL,US
898,John McNulty,86.5,Jacksonville,FL,US
899,Niklas Astedt,86.5,Goteborg,-,SE
900,Adam Krizbai,86.5,Oxford,MS,US
901,Rachid Amamou,86.5,-,-,CH
902,Kyle Burnside,86.5,Somerset,MA,US
903,Iverson Snuffer,86.5,Milton,WV,US
904,Martin Pineiro,86.5,Buenos Aries,-,AR
905,Paul Sharpe,86.5,Plymouth,MI,US
906,Adam Johnson,86.5,Kansas City,MO,US
907,Bartlomiej Machon,86.5,Lublin,-,PL
908,Sami El Dein,86.5,Marshall,MN,US
909,Peter Chen,86.5,Toronto,-,CA
910,David Nardella,86.5,Lewis Center,OH,US
911,Sangjun Lee,86.5,Poongamdong,-,KR
912,Jack Salter,86.5,London,-,GB
913,Armand Matti,86.5,-,-,GB
914,Alexander Farahi,86.5,Beverly Hills,CA,US
915,Kalidou Sow,86.5,Lhay Les Roses,-,FR
916,Brandon Gale,86.5,Toronto,ON,CA
917,Femi Fashakin,86.5,-,-,NG
918,Matthew Reeser,86.5,Canyon Country,CA,US
919,Veselin Dimitrov,86.5,Las Vegas,NV,US
920,William Courtade,86.5,Austin,TX,US
921,William Harrell,86.5,Tampa,FL,US
922,Joseph Moore,86.5,Mamaroneck,NY,US
923,Mark Schoenberg,86.5,Plainfield,IL,US
924,Michael Kuney,86.5,Kingwood,TX,US
925,Christopher Decarlo,86.5,Manchester,CT,US
926,Miguel Capriles,86.5,-,-,VE
927,Ky Badgley,86.5,Schaumburg,IL,US
928,Kazuki Sasaki,86.5,Aichi,-,JP
929,Camille Mikhael,86.5,Ottawa,-,CA
930,Jeremy Joseph,86.5,Winter Garden,FL,US
931,Pal Zagreda,86.5,Bronx,NY,US
932,James Nahikian,86.5,Playa Vista,CA,US
933,Gediminas Garmus,86.5,St Petersburg,FL,US
934,Nichlaus Staker,86.5,Fort Wayne,IN,US
935,Will Jaffe,86.5,Bridgehampton,NY,US
936,Preston McEwen,86.5,Murfreesboro,TN,US
937,Charles Thompson,86.5,Santa Cruz,CA,US
938,David Len Ashby,86.5,Las Vegas,NV,US
939,Quang Vu,86.5,Westminster,CA,US
940,Joao Gaspar,86.5,Manchester,NH,US
941,Bradley Zusman,86.5,Gresham,OR,US
942,Joseph Zamarelli,86.5,Salem,OH,US
943,Edwin Buskirk,86.5,Bayside,NY,US
944,Siddharth Karia,86.5,Memnegar,-,IN
945,Anthony Hice,86.5,Garden City,MI,US
946,Viacheslav Igin,86.5,Bataysk,-,RU
947,Adam Daniel,86.5,Norfolk,-,GB
948,Ricky Green,86.5,Austin,TX,US
949,Craig Blight,86.5,Sydney,-,AU
950,Joshua Prager,86.5,Yuba City,CA,US
951,Daniel Beers,86.5,Canal Fulton,OH,US
952,Adrian Scarpa,86.5,Manchester,CT,US
953,Neil Blumenfield,86.5,San Francisco,CA,US
954,Kevin Buck,86.5,Las Vegas,NV,US
955,Tim Reilly,86.5,Natick,MA,US
956,Theodore Mcneely,86.5,Myrtle Point,OR,US
957,Mark Davidoff,86.5,Penn Valley,PA,US
958,Andy Seth,86.5,Las Vegas,NV,US
959,Michael Forca,86.5,Babylon,NY,US
960,Nicholas Manganaro,86.5,Omaha,NE,US
961,Andrew Nassery,86.5,Poway,CA,US
962,Michael Klein,86.5,Henderson,NV,US
963,Kharlin Sued,86.5,Pembroke Pines,FL,US
964,Faraz Jaka,86.5,-,-,US
965,Travis Tachibana,86.5,Torrance,CA,US
966,Horacio Chaves Cortes,86.5,Asuncion,-,PY
967,Aaron Ogus,86.5,Redmond,WA,US
968,Dylan Linde,86.5,Las Vegas,NV,US
969,Chris Determeyer,86.5,London,-,GB
970,Amir Sonsino,86.5,-,-,IL
971,Kilian Kramer,86.5,Vienna,-,AT
972,Fabio Miranda,86.5,-,-,PT
973,Timothy Stanczak,86.5,Carlsbad,CA,US
974,Domenico Gala,86.5,Big Bar,CA,US
975,Peter Levine,86.5,Woodhills,CA,US
976,Benjamin Underwood,86.5,Port Elgin,ON,CA
977,Robert Warburton,86.5,Manchester,-,GB
978,Stephen Hay,86.5,Teignmouth,-,GB
979,Stephen Rakower,86.5,Corona Dl Mar,CA,US
980,Julian Parmann,86.5,Las Vegas,NV,US
981,Martins Kleins,86.5,-,-,LV
982,Ugo Faggioli,86.5,St. Max,-,FR
983,Andrey Marsavin,86.5,San Jose,CA,US
984,Volodymyr Drokin,86.5,-,-,UA
985,Yousef Saleh,86.5,Meridian,MS,US
986,Kevin Pollak,86.5,West Hollywood,CA,US
987,Ettore Ricci,86.5,-,-,IT
988,Arman Kilavuz,86.5,Henderson,NV,US
989,Nick Caltabiano,86.5,Clay,NY,US
990,Ryan Stoker,86.5,Spokane,WA,US
991,Mark Stevens,86.5,Ada,MI,US
992,Nazih Sibaei,86.5,Brunswick,-,AU
993,Jan Ladew,86.5,Moorpark,CA,US
994,Massoud Eskandari,86.5,Mission Viejo,CA,US
995,Andrew Leto,86.5,-,AZ,US
996,GaoMing Zhu,86.5,Irvine,CA,US
997,Elilton Gouveia,86.5,Acworth,GA,US
998,Chad Ryan,86.5,Fort Mcmurray,AB,CA
999,Jeffrey Loiacono,86.5,Lakewood,CA,US
